Algorithm,Instance,MetricName,ExecutionId,MetricValue
Yolo3D,fold1,DSC,1,0.0869229135045342
Yolo3D,fold1,DSC,2,0.0869229135045342
Yolo3D,fold1,DSC,3,0.0736559017842496
Yolo3D,fold1,DSC,4,0.0844375205916222
Yolo3D,fold1,DSC,5,0.0932978388150813
Yolo3D,fold1,DSC,6,0.1041318540476626
Yolo3D,fold1,DSC,7,0.0911111636519691
Yolo3D,fold1,DSC,8,0.0911267447906883
Yolo3D,fold1,DSC,9,0.0906559990155033
Yolo3D,fold1,DSC,10,0.0834986786767227
Yolo3D,fold1,DSC,11,0.0871490877864345
Yolo3D,fold1,DSC,12,0.0889948432157535
Yolo3D,fold1,DSC,13,0.1002435200160268
Yolo3D,fold1,DSC,14,0.07885379116388
Yolo3D,fold1,DSC,15,0.0853784331350138
Yolo3D,fold1,DSC,16,0.0957075257895678
Yolo3D,fold1,DSC,17,0.0917996739632063
Yolo3D,fold1,DSC,18,0.0957488232844117
Yolo3D,fold1,DSC,19,0.0897521025820454
Yolo3D,fold1,DSC,20,0.0986761933511735
Yolo3D,fold1,DSC,21,0.067190663368804
Yolo3D,fold1,DSC,22,0.0818719734502921
Yolo3D,fold1,DSC,23,0.0839025934184108
Yolo3D,fold1,DSC,24,0.0906251378029654
Yolo3D,fold1,DSC,25,0.0900033391245708
Yolo3D,fold1,DSC,26,0.0950859002595819
Yolo3D,fold1,DSC,27,0.0979204675853937
Yolo3D,fold1,DSC,28,0.0920726193152595
Yolo3D,fold1,DSC,29,0.0748931586925282
Yolo3D,fold1,DSC,30,0.0870667687314976
Yolo3D,fold2,DSC,1,0.0911000598526048
Yolo3D,fold2,DSC,2,0.0911000598526048
Yolo3D,fold2,DSC,3,0.0886118378622534
Yolo3D,fold2,DSC,4,0.1049785866153169
Yolo3D,fold2,DSC,5,0.0671748017045558
Yolo3D,fold2,DSC,6,0.0837961762412977
Yolo3D,fold2,DSC,7,0.1064828670064806
Yolo3D,fold2,DSC,8,0.0856112854104263
Yolo3D,fold2,DSC,9,0.0734886568887961
Yolo3D,fold2,DSC,10,0.0974582054608276
Yolo3D,fold2,DSC,11,0.0824619227305727
Yolo3D,fold2,DSC,12,0.0807012761566516
Yolo3D,fold2,DSC,13,0.0833186904015582
Yolo3D,fold2,DSC,14,0.0860932480489956
Yolo3D,fold2,DSC,15,0.0813007414656555
Yolo3D,fold2,DSC,16,0.0861656973917002
Yolo3D,fold2,DSC,17,0.0775396546108412
Yolo3D,fold2,DSC,18,0.0918281580184251
Yolo3D,fold2,DSC,19,0.0833854517185009
Yolo3D,fold2,DSC,20,0.0892686636572045
Yolo3D,fold2,DSC,21,0.1032409990373663
Yolo3D,fold2,DSC,22,0.0897846112750867
Yolo3D,fold2,DSC,23,0.0875971134631022
Yolo3D,fold2,DSC,24,0.0941848057216935
Yolo3D,fold2,DSC,25,0.0974363939154629
Yolo3D,fold2,DSC,26,0.0836744699881766
Yolo3D,fold2,DSC,27,0.0941821269905905
Yolo3D,fold2,DSC,28,0.0803686681136487
Yolo3D,fold2,DSC,29,0.0840805281505466
Yolo3D,fold2,DSC,30,0.1010199325779966
Yolo3D,fold3,DSC,1,0.138913310564817
Yolo3D,fold3,DSC,2,0.138913310564817
Yolo3D,fold3,DSC,3,0.1367262642497764
Yolo3D,fold3,DSC,4,0.1403882792232167
Yolo3D,fold3,DSC,5,0.1383052720555038
Yolo3D,fold3,DSC,6,0.1378399865531292
Yolo3D,fold3,DSC,7,0.1376106740220291
Yolo3D,fold3,DSC,8,0.1382393238422366
Yolo3D,fold3,DSC,9,0.1391419101736042
Yolo3D,fold3,DSC,10,0.1429702263471178
Yolo3D,fold3,DSC,11,0.1343351828576354
Yolo3D,fold3,DSC,12,0.1433016752134407
Yolo3D,fold3,DSC,13,0.1399342646911328
Yolo3D,fold3,DSC,14,0.1353225401411004
Yolo3D,fold3,DSC,15,0.1422198448775477
Yolo3D,fold3,DSC,16,0.1363249900267254
Yolo3D,fold3,DSC,17,0.1437748365749711
Yolo3D,fold3,DSC,18,0.1427332496096167
Yolo3D,fold3,DSC,19,0.1355272095796119
Yolo3D,fold3,DSC,20,0.1402449102112872
Yolo3D,fold3,DSC,21,0.1360025924746393
Yolo3D,fold3,DSC,22,0.1380649828291691
Yolo3D,fold3,DSC,23,0.1368410563446025
Yolo3D,fold3,DSC,24,0.1437286899545135
Yolo3D,fold3,DSC,25,0.1387794986939621
Yolo3D,fold3,DSC,26,0.1417171429149158
Yolo3D,fold3,DSC,27,0.1382756606354721
Yolo3D,fold3,DSC,28,0.138742504509799
Yolo3D,fold3,DSC,29,0.1394451429689434
Yolo3D,fold3,DSC,30,0.1382395851846875
Yolo3D,fold4,DSC,1,0.0344268254710906
Yolo3D,fold4,DSC,2,0.0344268254710906
Yolo3D,fold4,DSC,3,0.0332284017538815
Yolo3D,fold4,DSC,4,0.0328800045188333
Yolo3D,fold4,DSC,5,0.0337250183938631
Yolo3D,fold4,DSC,6,0.0338636931405992
Yolo3D,fold4,DSC,7,0.0325931771432267
Yolo3D,fold4,DSC,8,0.0352473366106158
Yolo3D,fold4,DSC,9,0.0350287450176851
Yolo3D,fold4,DSC,10,0.0320506976909275
Yolo3D,fold4,DSC,11,0.0368660167503545
Yolo3D,fold4,DSC,12,0.0330074362513621
Yolo3D,fold4,DSC,13,0.0368580969703585
Yolo3D,fold4,DSC,14,0.0370443973929696
Yolo3D,fold4,DSC,15,0.0363448480288741
Yolo3D,fold4,DSC,16,0.0356847727460345
Yolo3D,fold4,DSC,17,0.034921120356126
Yolo3D,fold4,DSC,18,0.0311383376609989
Yolo3D,fold4,DSC,19,0.0366248421707889
Yolo3D,fold4,DSC,20,0.0345341435521068
Yolo3D,fold4,DSC,21,0.0380585368733709
Yolo3D,fold4,DSC,22,0.0356303823007502
Yolo3D,fold4,DSC,23,0.0316764652605127
Yolo3D,fold4,DSC,24,0.0360643218309176
Yolo3D,fold4,DSC,25,0.033539188407508
Yolo3D,fold4,DSC,26,0.0343728272515543
Yolo3D,fold4,DSC,27,0.0372386692212462
Yolo3D,fold4,DSC,28,0.0383258333826507
Yolo3D,fold4,DSC,29,0.0334352607690031
Yolo3D,fold4,DSC,30,0.0360509186420751
Yolo3D,fold5,DSC,1,0.0602333395481002
Yolo3D,fold5,DSC,2,0.0602333395481002
Yolo3D,fold5,DSC,3,0.0560338606133959
Yolo3D,fold5,DSC,4,0.0661398903735003
Yolo3D,fold5,DSC,5,0.0511073050688737
Yolo3D,fold5,DSC,6,0.0541609340242214
Yolo3D,fold5,DSC,7,0.0627861483100648
Yolo3D,fold5,DSC,8,0.0552433831949072
Yolo3D,fold5,DSC,9,0.0518331808164939
Yolo3D,fold5,DSC,10,0.0680639743242687
Yolo3D,fold5,DSC,11,0.057892734252173
Yolo3D,fold5,DSC,12,0.0610113013132308
Yolo3D,fold5,DSC,13,0.065164149437512
Yolo3D,fold5,DSC,14,0.0602189742738641
Yolo3D,fold5,DSC,15,0.0644720312897637
Yolo3D,fold5,DSC,16,0.0589849078130722
Yolo3D,fold5,DSC,17,0.0571658004993948
Yolo3D,fold5,DSC,18,0.0626724200090665
Yolo3D,fold5,DSC,19,0.0547397725738488
Yolo3D,fold5,DSC,20,0.0607434188621399
Yolo3D,fold5,DSC,21,0.0649515666650096
Yolo3D,fold5,DSC,22,0.0612086774970662
Yolo3D,fold5,DSC,23,0.0539468560234366
Yolo3D,fold5,DSC,24,0.0634534121049501
Yolo3D,fold5,DSC,25,0.0590424220152566
Yolo3D,fold5,DSC,26,0.0601298098706622
Yolo3D,fold5,DSC,27,0.0610677483082582
Yolo3D,fold5,DSC,28,0.0489992722066891
Yolo3D,fold5,DSC,29,0.0584849543369922
Yolo3D,fold5,DSC,30,0.0698357555342425
Yolo3D-a,fold1,DSC,1,0.0930773966644482
Yolo3D-a,fold1,DSC,2,0.0930773966644482
Yolo3D-a,fold1,DSC,3,0.0955708261848522
Yolo3D-a,fold1,DSC,4,0.0959498516101131
Yolo3D-a,fold1,DSC,5,0.0885444536052536
Yolo3D-a,fold1,DSC,6,0.0963663982964742
Yolo3D-a,fold1,DSC,7,0.0934499784931155
Yolo3D-a,fold1,DSC,8,0.0913003135494951
Yolo3D-a,fold1,DSC,9,0.0933215668678332
Yolo3D-a,fold1,DSC,10,0.0859654630250872
Yolo3D-a,fold1,DSC,11,0.0918613099502311
Yolo3D-a,fold1,DSC,12,0.0833127976220507
Yolo3D-a,fold1,DSC,13,0.0926316227201523
Yolo3D-a,fold1,DSC,14,0.0922554842270182
Yolo3D-a,fold1,DSC,15,0.0994804211593606
Yolo3D-a,fold1,DSC,16,0.0919056286691063
Yolo3D-a,fold1,DSC,17,0.0995576099495406
Yolo3D-a,fold1,DSC,18,0.0936652997249798
Yolo3D-a,fold1,DSC,19,0.0983807642837971
Yolo3D-a,fold1,DSC,20,0.0977693980274494
Yolo3D-a,fold1,DSC,21,0.0979123949631139
Yolo3D-a,fold1,DSC,22,0.0907833815923753
Yolo3D-a,fold1,DSC,23,0.0952923347144521
Yolo3D-a,fold1,DSC,24,0.0991579628219474
Yolo3D-a,fold1,DSC,25,0.0996668634637848
Yolo3D-a,fold1,DSC,26,0.0889877315195072
Yolo3D-a,fold1,DSC,27,0.0945790499073893
Yolo3D-a,fold1,DSC,28,0.1000807249080035
Yolo3D-a,fold1,DSC,29,0.0851137534302515
Yolo3D-a,fold1,DSC,30,0.0982846913550906
Yolo3D-a,fold2,DSC,1,0.1173901180522291
Yolo3D-a,fold2,DSC,2,0.1173896909916836
Yolo3D-a,fold2,DSC,3,0.1240749191892794
Yolo3D-a,fold2,DSC,4,0.121346234684074
Yolo3D-a,fold2,DSC,5,0.1233290651358887
Yolo3D-a,fold2,DSC,6,0.1154849103013556
Yolo3D-a,fold2,DSC,7,0.1245318974588337
Yolo3D-a,fold2,DSC,8,0.1238356030125407
Yolo3D-a,fold2,DSC,9,0.124352221205067
Yolo3D-a,fold2,DSC,10,0.1155269186205454
Yolo3D-a,fold2,DSC,11,0.129063266561955
Yolo3D-a,fold2,DSC,12,0.1042815257693291
Yolo3D-a,fold2,DSC,13,0.110489544308443
Yolo3D-a,fold2,DSC,14,0.1174763760327333
Yolo3D-a,fold2,DSC,15,0.1270742081550134
Yolo3D-a,fold2,DSC,16,0.1154490488975441
Yolo3D-a,fold2,DSC,17,0.1185798582970795
Yolo3D-a,fold2,DSC,18,0.1108835774078744
Yolo3D-a,fold2,DSC,19,0.1138068276293517
Yolo3D-a,fold2,DSC,20,0.1129172442430336
Yolo3D-a,fold2,DSC,21,0.1200090020080569
Yolo3D-a,fold2,DSC,22,0.1201398338485856
Yolo3D-a,fold2,DSC,23,0.1072364773659813
Yolo3D-a,fold2,DSC,24,0.1191101789258179
Yolo3D-a,fold2,DSC,25,0.1109458538532166
Yolo3D-a,fold2,DSC,26,0.1203059183818292
Yolo3D-a,fold2,DSC,27,0.1188808974374688
Yolo3D-a,fold2,DSC,28,0.1271937612754287
Yolo3D-a,fold2,DSC,29,0.1112001092648682
Yolo3D-a,fold2,DSC,30,0.1141638878598503
Yolo3D-a,fold3,DSC,1,0.1278400367908772
Yolo3D-a,fold3,DSC,2,0.1278395087226513
Yolo3D-a,fold3,DSC,3,0.1430209679857258
Yolo3D-a,fold3,DSC,4,0.1286239694982849
Yolo3D-a,fold3,DSC,5,0.1269205472573916
Yolo3D-a,fold3,DSC,6,0.1177779173993968
Yolo3D-a,fold3,DSC,7,0.1371707029925858
Yolo3D-a,fold3,DSC,8,0.1321018351003034
Yolo3D-a,fold3,DSC,9,0.1241162167453323
Yolo3D-a,fold3,DSC,10,0.1209308059269407
Yolo3D-a,fold3,DSC,11,0.1166221331845351
Yolo3D-a,fold3,DSC,12,0.1305578575642765
Yolo3D-a,fold3,DSC,13,0.1326461428922763
Yolo3D-a,fold3,DSC,14,0.1400963008370194
Yolo3D-a,fold3,DSC,15,0.128569795877722
Yolo3D-a,fold3,DSC,16,0.1129789249614852
Yolo3D-a,fold3,DSC,17,0.1188195428134196
Yolo3D-a,fold3,DSC,18,0.1157903834217988
Yolo3D-a,fold3,DSC,19,0.1337404024374822
Yolo3D-a,fold3,DSC,20,0.1240062991085208
Yolo3D-a,fold3,DSC,21,0.1112974532767388
Yolo3D-a,fold3,DSC,22,0.1235831727724715
Yolo3D-a,fold3,DSC,23,0.1401008653453143
Yolo3D-a,fold3,DSC,24,0.1287024423943481
Yolo3D-a,fold3,DSC,25,0.1458194790709309
Yolo3D-a,fold3,DSC,26,0.1331002249337201
Yolo3D-a,fold3,DSC,27,0.1313601931705682
Yolo3D-a,fold3,DSC,28,0.1328883145349667
Yolo3D-a,fold3,DSC,29,0.1409284414181199
Yolo3D-a,fold3,DSC,30,0.1219724164893454
Yolo3D-a,fold4,DSC,1,0.0414301992236565
Yolo3D-a,fold4,DSC,2,0.041430133929275
Yolo3D-a,fold4,DSC,3,0.041814248281975
Yolo3D-a,fold4,DSC,4,0.0417259951160196
Yolo3D-a,fold4,DSC,5,0.0416780340612608
Yolo3D-a,fold4,DSC,6,0.0410061796348271
Yolo3D-a,fold4,DSC,7,0.0412916560621546
Yolo3D-a,fold4,DSC,8,0.0415557009425733
Yolo3D-a,fold4,DSC,9,0.0419031056540248
Yolo3D-a,fold4,DSC,10,0.0409148163340683
Yolo3D-a,fold4,DSC,11,0.0413656857558376
Yolo3D-a,fold4,DSC,12,0.0416442563400438
Yolo3D-a,fold4,DSC,13,0.0418419183431335
Yolo3D-a,fold4,DSC,14,0.0413476682053237
Yolo3D-a,fold4,DSC,15,0.041022447334976
Yolo3D-a,fold4,DSC,16,0.042156279999496
Yolo3D-a,fold4,DSC,17,0.0422325456190678
Yolo3D-a,fold4,DSC,18,0.0413226624719043
Yolo3D-a,fold4,DSC,19,0.0410323639194664
Yolo3D-a,fold4,DSC,20,0.0410609310754802
Yolo3D-a,fold4,DSC,21,0.042543568550162
Yolo3D-a,fold4,DSC,22,0.0412398072492581
Yolo3D-a,fold4,DSC,23,0.041199569750021
Yolo3D-a,fold4,DSC,24,0.0405713981076697
Yolo3D-a,fold4,DSC,25,0.0416997722523565
Yolo3D-a,fold4,DSC,26,0.0419862322903093
Yolo3D-a,fold4,DSC,27,0.0405251963906699
Yolo3D-a,fold4,DSC,28,0.0415893392371884
Yolo3D-a,fold4,DSC,29,0.040825142581014
Yolo3D-a,fold4,DSC,30,0.041041834121248
Yolo3D-a,fold5,DSC,1,0.0707816698820612
Yolo3D-a,fold5,DSC,2,0.0707815767344355
Yolo3D-a,fold5,DSC,3,0.0773229414919135
Yolo3D-a,fold5,DSC,4,0.066795940300199
Yolo3D-a,fold5,DSC,5,0.0663617343855216
Yolo3D-a,fold5,DSC,6,0.0732190706156003
Yolo3D-a,fold5,DSC,7,0.0710350695411801
Yolo3D-a,fold5,DSC,8,0.0649493258368721
Yolo3D-a,fold5,DSC,9,0.0696794850448316
Yolo3D-a,fold5,DSC,10,0.0706804690173786
Yolo3D-a,fold5,DSC,11,0.0749645380201345
Yolo3D-a,fold5,DSC,12,0.0606274056143055
Yolo3D-a,fold5,DSC,13,0.0804995650837581
Yolo3D-a,fold5,DSC,14,0.0778934950851135
Yolo3D-a,fold5,DSC,15,0.0705427246532238
Yolo3D-a,fold5,DSC,16,0.0750068059621438
Yolo3D-a,fold5,DSC,17,0.0629809192523677
Yolo3D-a,fold5,DSC,18,0.0676301079792025
Yolo3D-a,fold5,DSC,19,0.0647083872378755
Yolo3D-a,fold5,DSC,20,0.0792452761745863
Yolo3D-a,fold5,DSC,21,0.0805589048757181
Yolo3D-a,fold5,DSC,22,0.0702429288039484
Yolo3D-a,fold5,DSC,23,0.0782475161574735
Yolo3D-a,fold5,DSC,24,0.0617946407885325
Yolo3D-a,fold5,DSC,25,0.063627543320141
Yolo3D-a,fold5,DSC,26,0.0815021056883783
Yolo3D-a,fold5,DSC,27,0.0709165697688548
Yolo3D-a,fold5,DSC,28,0.0654322877108148
Yolo3D-a,fold5,DSC,29,0.0696940763925838
Yolo3D-a,fold5,DSC,30,0.0684372642647322
Yolo3D-c,fold1,DSC,1,0.0897425087682427
Yolo3D-c,fold1,DSC,2,0.0897425087682427
Yolo3D-c,fold1,DSC,3,0.089209530205901
Yolo3D-c,fold1,DSC,4,0.0897646330408652
Yolo3D-c,fold1,DSC,5,0.0886078998967407
Yolo3D-c,fold1,DSC,6,0.0885960344224054
Yolo3D-c,fold1,DSC,7,0.0858737762202238
Yolo3D-c,fold1,DSC,8,0.0893389678491215
Yolo3D-c,fold1,DSC,9,0.0887460951028643
Yolo3D-c,fold1,DSC,10,0.0881660972921717
Yolo3D-c,fold1,DSC,11,0.0894047168893896
Yolo3D-c,fold1,DSC,12,0.0871870566753525
Yolo3D-c,fold1,DSC,13,0.0863168505595466
Yolo3D-c,fold1,DSC,14,0.0912025165147476
Yolo3D-c,fold1,DSC,15,0.087787603406376
Yolo3D-c,fold1,DSC,16,0.0927911457265567
Yolo3D-c,fold1,DSC,17,0.0858771912759328
Yolo3D-c,fold1,DSC,18,0.0878730099125834
Yolo3D-c,fold1,DSC,19,0.0886797040553265
Yolo3D-c,fold1,DSC,20,0.0902532870379791
Yolo3D-c,fold1,DSC,21,0.0896585368818074
Yolo3D-c,fold1,DSC,22,0.0855816613786119
Yolo3D-c,fold1,DSC,23,0.0900475970670126
Yolo3D-c,fold1,DSC,24,0.0942118427590826
Yolo3D-c,fold1,DSC,25,0.0882742906173865
Yolo3D-c,fold1,DSC,26,0.0906044309178062
Yolo3D-c,fold1,DSC,27,0.0907302809671173
Yolo3D-c,fold1,DSC,28,0.0884278659557961
Yolo3D-c,fold1,DSC,29,0.0906654349114609
Yolo3D-c,fold1,DSC,30,0.0868219581676101
Yolo3D-c,fold2,DSC,1,0.110570487675541
Yolo3D-c,fold2,DSC,2,0.110570487675541
Yolo3D-c,fold2,DSC,3,0.1092751318700684
Yolo3D-c,fold2,DSC,4,0.0983992176700878
Yolo3D-c,fold2,DSC,5,0.1054012205366114
Yolo3D-c,fold2,DSC,6,0.1014903472397106
Yolo3D-c,fold2,DSC,7,0.1113594534714449
Yolo3D-c,fold2,DSC,8,0.1331734605371672
Yolo3D-c,fold2,DSC,9,0.1210729777151799
Yolo3D-c,fold2,DSC,10,0.112622897062254
Yolo3D-c,fold2,DSC,11,0.0895906004351847
Yolo3D-c,fold2,DSC,12,0.1153715869899153
Yolo3D-c,fold2,DSC,13,0.1164080210159514
Yolo3D-c,fold2,DSC,14,0.1031413262549153
Yolo3D-c,fold2,DSC,15,0.1208580479141118
Yolo3D-c,fold2,DSC,16,0.1013080161910184
Yolo3D-c,fold2,DSC,17,0.1088988365439288
Yolo3D-c,fold2,DSC,18,0.1183416076475153
Yolo3D-c,fold2,DSC,19,0.118610633100324
Yolo3D-c,fold2,DSC,20,0.1096927683089579
Yolo3D-c,fold2,DSC,21,0.1008189233467329
Yolo3D-c,fold2,DSC,22,0.0876512081657219
Yolo3D-c,fold2,DSC,23,0.1090189282467246
Yolo3D-c,fold2,DSC,24,0.1181828191944055
Yolo3D-c,fold2,DSC,25,0.1048033005552217
Yolo3D-c,fold2,DSC,26,0.13272738789141
Yolo3D-c,fold2,DSC,27,0.1016018744463441
Yolo3D-c,fold2,DSC,28,0.1039121291211482
Yolo3D-c,fold2,DSC,29,0.1086430710633832
Yolo3D-c,fold2,DSC,30,0.1119896186425075
Yolo3D-c,fold3,DSC,1,0.1353370016214365
Yolo3D-c,fold3,DSC,2,0.1353370016214365
Yolo3D-c,fold3,DSC,3,0.1337663642658202
Yolo3D-c,fold3,DSC,4,0.1393097016801753
Yolo3D-c,fold3,DSC,5,0.1443586703865939
Yolo3D-c,fold3,DSC,6,0.1336715603412893
Yolo3D-c,fold3,DSC,7,0.1432683358372579
Yolo3D-c,fold3,DSC,8,0.1328694236734824
Yolo3D-c,fold3,DSC,9,0.1351349936452709
Yolo3D-c,fold3,DSC,10,0.1483534687135448
Yolo3D-c,fold3,DSC,11,0.1346225933717545
Yolo3D-c,fold3,DSC,12,0.1362620757001894
Yolo3D-c,fold3,DSC,13,0.131609233716589
Yolo3D-c,fold3,DSC,14,0.1425806123543435
Yolo3D-c,fold3,DSC,15,0.1329215962740148
Yolo3D-c,fold3,DSC,16,0.1278080325452342
Yolo3D-c,fold3,DSC,17,0.1449397889145315
Yolo3D-c,fold3,DSC,18,0.1387278072644532
Yolo3D-c,fold3,DSC,19,0.1302852696912843
Yolo3D-c,fold3,DSC,20,0.1382631493251608
Yolo3D-c,fold3,DSC,21,0.1319758761669365
Yolo3D-c,fold3,DSC,22,0.1215019251767563
Yolo3D-c,fold3,DSC,23,0.1404112452728509
Yolo3D-c,fold3,DSC,24,0.1444905094711466
Yolo3D-c,fold3,DSC,25,0.1440526704209179
Yolo3D-c,fold3,DSC,26,0.1383799727711775
Yolo3D-c,fold3,DSC,27,0.1513821991652496
Yolo3D-c,fold3,DSC,28,0.1380509584191922
Yolo3D-c,fold3,DSC,29,0.1383255812078363
Yolo3D-c,fold3,DSC,30,0.1393341745096361
Yolo3D-c,fold4,DSC,1,0.0376679944064746
Yolo3D-c,fold4,DSC,2,0.0376679944064746
Yolo3D-c,fold4,DSC,3,0.0389619261655769
Yolo3D-c,fold4,DSC,4,0.0358935170419458
Yolo3D-c,fold4,DSC,5,0.0372764868968428
Yolo3D-c,fold4,DSC,6,0.0356414796713059
Yolo3D-c,fold4,DSC,7,0.0425058474075338
Yolo3D-c,fold4,DSC,8,0.0358436843200842
Yolo3D-c,fold4,DSC,9,0.0398735185633468
Yolo3D-c,fold4,DSC,10,0.0303408208299487
Yolo3D-c,fold4,DSC,11,0.0355123362303839
Yolo3D-c,fold4,DSC,12,0.0407819858497183
Yolo3D-c,fold4,DSC,13,0.0267230428532773
Yolo3D-c,fold4,DSC,14,0.0376825631784771
Yolo3D-c,fold4,DSC,15,0.036391168912524
Yolo3D-c,fold4,DSC,16,0.031916019649073
Yolo3D-c,fold4,DSC,17,0.0373443489977116
Yolo3D-c,fold4,DSC,18,0.0362915264443947
Yolo3D-c,fold4,DSC,19,0.0365028258618324
Yolo3D-c,fold4,DSC,20,0.0357296904277642
Yolo3D-c,fold4,DSC,21,0.0344088785163139
Yolo3D-c,fold4,DSC,22,0.0389464595913816
Yolo3D-c,fold4,DSC,23,0.0360153694584795
Yolo3D-c,fold4,DSC,24,0.036985078176285
Yolo3D-c,fold4,DSC,25,0.0383846920929115
Yolo3D-c,fold4,DSC,26,0.0355625781027677
Yolo3D-c,fold4,DSC,27,0.0369863118666587
Yolo3D-c,fold4,DSC,28,0.0348422197271933
Yolo3D-c,fold4,DSC,29,0.0381276569141407
Yolo3D-c,fold4,DSC,30,0.0404857868723622
Yolo3D-c,fold5,DSC,1,0.0753455028211085
Yolo3D-c,fold5,DSC,2,0.0753455028211085
Yolo3D-c,fold5,DSC,3,0.0778989982978839
Yolo3D-c,fold5,DSC,4,0.0755772065589187
Yolo3D-c,fold5,DSC,5,0.075409202594013
Yolo3D-c,fold5,DSC,6,0.074049685657755
Yolo3D-c,fold5,DSC,7,0.0756639780772819
Yolo3D-c,fold5,DSC,8,0.0750881741859341
Yolo3D-c,fold5,DSC,9,0.0813606927002961
Yolo3D-c,fold5,DSC,10,0.079202261968496
Yolo3D-c,fold5,DSC,11,0.0750495476182536
Yolo3D-c,fold5,DSC,12,0.0809220580630667
Yolo3D-c,fold5,DSC,13,0.0704064916860417
Yolo3D-c,fold5,DSC,14,0.0737219169627122
Yolo3D-c,fold5,DSC,15,0.0769899589280622
Yolo3D-c,fold5,DSC,16,0.0701631579763475
Yolo3D-c,fold5,DSC,17,0.0734075387281997
Yolo3D-c,fold5,DSC,18,0.0793043585809732
Yolo3D-c,fold5,DSC,19,0.0719099209648056
Yolo3D-c,fold5,DSC,20,0.0728533444950268
Yolo3D-c,fold5,DSC,21,0.0726799256462077
Yolo3D-c,fold5,DSC,22,0.0753821516142969
Yolo3D-c,fold5,DSC,23,0.0766304954811617
Yolo3D-c,fold5,DSC,24,0.0754083459470175
Yolo3D-c,fold5,DSC,25,0.0762329730813227
Yolo3D-c,fold5,DSC,26,0.0676974941994219
Yolo3D-c,fold5,DSC,27,0.0738518233565661
Yolo3D-c,fold5,DSC,28,0.0839487657673143
Yolo3D-c,fold5,DSC,29,0.071092346036842
Yolo3D-c,fold5,DSC,30,0.0728274789165468
Yolo3D-s,fold1,DSC,1,0.0897002997507974
Yolo3D-s,fold1,DSC,2,0.0897002997507974
Yolo3D-s,fold1,DSC,3,0.0898500246605764
Yolo3D-s,fold1,DSC,4,0.0897595425800015
Yolo3D-s,fold1,DSC,5,0.090900688171943
Yolo3D-s,fold1,DSC,6,0.0890727923999552
Yolo3D-s,fold1,DSC,7,0.0884810531727366
Yolo3D-s,fold1,DSC,8,0.0883829462132393
Yolo3D-s,fold1,DSC,9,0.0915962582154911
Yolo3D-s,fold1,DSC,10,0.089582276761282
Yolo3D-s,fold1,DSC,11,0.0900284526253529
Yolo3D-s,fold1,DSC,12,0.089822319942226
Yolo3D-s,fold1,DSC,13,0.0885941219013318
Yolo3D-s,fold1,DSC,14,0.0889123690793705
Yolo3D-s,fold1,DSC,15,0.0896925729493552
Yolo3D-s,fold1,DSC,16,0.0911652938757941
Yolo3D-s,fold1,DSC,17,0.0903924440948954
Yolo3D-s,fold1,DSC,18,0.0913853604321683
Yolo3D-s,fold1,DSC,19,0.0874606445125498
Yolo3D-s,fold1,DSC,20,0.0907255621018437
Yolo3D-s,fold1,DSC,21,0.0908588862502191
Yolo3D-s,fold1,DSC,22,0.0870266864896564
Yolo3D-s,fold1,DSC,23,0.0873986207578544
Yolo3D-s,fold1,DSC,24,0.0901858257936695
Yolo3D-s,fold1,DSC,25,0.09164888037552
Yolo3D-s,fold1,DSC,26,0.0895412964229879
Yolo3D-s,fold1,DSC,27,0.0912388454575027
Yolo3D-s,fold1,DSC,28,0.0913688006793722
Yolo3D-s,fold1,DSC,29,0.0903193552064566
Yolo3D-s,fold1,DSC,30,0.0888022825169125
Yolo3D-s,fold2,DSC,1,0.1092897663258661
Yolo3D-s,fold2,DSC,2,0.1092897663258661
Yolo3D-s,fold2,DSC,3,0.1082090953789142
Yolo3D-s,fold2,DSC,4,0.1085374202816357
Yolo3D-s,fold2,DSC,5,0.1076907629889393
Yolo3D-s,fold2,DSC,6,0.1095457373407573
Yolo3D-s,fold2,DSC,7,0.1069154345184127
Yolo3D-s,fold2,DSC,8,0.1093838214971769
Yolo3D-s,fold2,DSC,9,0.1065128088908085
Yolo3D-s,fold2,DSC,10,0.1092632465024579
Yolo3D-s,fold2,DSC,11,0.1109274042050808
Yolo3D-s,fold2,DSC,12,0.1075869692479305
Yolo3D-s,fold2,DSC,13,0.1092323767085796
Yolo3D-s,fold2,DSC,14,0.1099538591310797
Yolo3D-s,fold2,DSC,15,0.1073153731742094
Yolo3D-s,fold2,DSC,16,0.1102438724066267
Yolo3D-s,fold2,DSC,17,0.1117093443143072
Yolo3D-s,fold2,DSC,18,0.1100958990695281
Yolo3D-s,fold2,DSC,19,0.1088407231718401
Yolo3D-s,fold2,DSC,20,0.1102055272723576
Yolo3D-s,fold2,DSC,21,0.1115685541033555
Yolo3D-s,fold2,DSC,22,0.1090787145769794
Yolo3D-s,fold2,DSC,23,0.1107540518723186
Yolo3D-s,fold2,DSC,24,0.1084338939282438
Yolo3D-s,fold2,DSC,25,0.110484928303307
Yolo3D-s,fold2,DSC,26,0.1095936797809746
Yolo3D-s,fold2,DSC,27,0.1107289608389556
Yolo3D-s,fold2,DSC,28,0.1115227746942822
Yolo3D-s,fold2,DSC,29,0.1093683103808756
Yolo3D-s,fold2,DSC,30,0.1120863862674875
Yolo3D-s,fold3,DSC,1,0.1512362626105342
Yolo3D-s,fold3,DSC,2,0.1512362626105342
Yolo3D-s,fold3,DSC,3,0.1536677112590162
Yolo3D-s,fold3,DSC,4,0.1490429695708776
Yolo3D-s,fold3,DSC,5,0.1524167023942032
Yolo3D-s,fold3,DSC,6,0.1550907182926742
Yolo3D-s,fold3,DSC,7,0.1498723649856353
Yolo3D-s,fold3,DSC,8,0.1525397734329918
Yolo3D-s,fold3,DSC,9,0.1515666430345615
Yolo3D-s,fold3,DSC,10,0.1539582187380838
Yolo3D-s,fold3,DSC,11,0.1498524355806758
Yolo3D-s,fold3,DSC,12,0.1484655631995106
Yolo3D-s,fold3,DSC,13,0.1503932042696094
Yolo3D-s,fold3,DSC,14,0.1487783158806224
Yolo3D-s,fold3,DSC,15,0.1555494472477285
Yolo3D-s,fold3,DSC,16,0.1537238431285682
Yolo3D-s,fold3,DSC,17,0.1549415764384
Yolo3D-s,fold3,DSC,18,0.1522127057501011
Yolo3D-s,fold3,DSC,19,0.1503322125629167
Yolo3D-s,fold3,DSC,20,0.1508758032667739
Yolo3D-s,fold3,DSC,21,0.1509166849447455
Yolo3D-s,fold3,DSC,22,0.1508803530485446
Yolo3D-s,fold3,DSC,23,0.1511517979940588
Yolo3D-s,fold3,DSC,24,0.1537404726855608
Yolo3D-s,fold3,DSC,25,0.152269905758951
Yolo3D-s,fold3,DSC,26,0.1508249562743024
Yolo3D-s,fold3,DSC,27,0.1513467006435043
Yolo3D-s,fold3,DSC,28,0.1492619218688482
Yolo3D-s,fold3,DSC,29,0.149751779240514
Yolo3D-s,fold3,DSC,30,0.1485475208103766
Yolo3D-s,fold4,DSC,1,0.0366057531561653
Yolo3D-s,fold4,DSC,2,0.0366057531561653
Yolo3D-s,fold4,DSC,3,0.0371209014205421
Yolo3D-s,fold4,DSC,4,0.036819690787559
Yolo3D-s,fold4,DSC,5,0.0377789244663097
Yolo3D-s,fold4,DSC,6,0.0424270275297777
Yolo3D-s,fold4,DSC,7,0.0405625558052125
Yolo3D-s,fold4,DSC,8,0.031224864694834
Yolo3D-s,fold4,DSC,9,0.0369143487387108
Yolo3D-s,fold4,DSC,10,0.0304501595805828
Yolo3D-s,fold4,DSC,11,0.0329771463581351
Yolo3D-s,fold4,DSC,12,0.0352505617457159
Yolo3D-s,fold4,DSC,13,0.0357143255510828
Yolo3D-s,fold4,DSC,14,0.0423014664137995
Yolo3D-s,fold4,DSC,15,0.035759238509795
Yolo3D-s,fold4,DSC,16,0.0347213952254521
Yolo3D-s,fold4,DSC,17,0.0312744700413507
Yolo3D-s,fold4,DSC,18,0.0266239078400841
Yolo3D-s,fold4,DSC,19,0.0336113591013037
Yolo3D-s,fold4,DSC,20,0.0533666807570709
Yolo3D-s,fold4,DSC,21,0.0378414892420207
Yolo3D-s,fold4,DSC,22,0.039084637485435
Yolo3D-s,fold4,DSC,23,0.0375467975495586
Yolo3D-s,fold4,DSC,24,0.0370606464225421
Yolo3D-s,fold4,DSC,25,0.0335497736082008
Yolo3D-s,fold4,DSC,26,0.0373290175149539
Yolo3D-s,fold4,DSC,27,0.0326686303574687
Yolo3D-s,fold4,DSC,28,0.0441227067357235
Yolo3D-s,fold4,DSC,29,0.036747159342619
Yolo3D-s,fold4,DSC,30,0.0297135891652304
Yolo3D-s,fold5,DSC,1,0.067422287300164
Yolo3D-s,fold5,DSC,2,0.067422287300164
Yolo3D-s,fold5,DSC,3,0.0674199538577719
Yolo3D-s,fold5,DSC,4,0.0657546501496298
Yolo3D-s,fold5,DSC,5,0.0655171902031784
Yolo3D-s,fold5,DSC,6,0.0682939345893104
Yolo3D-s,fold5,DSC,7,0.0677265086436103
Yolo3D-s,fold5,DSC,8,0.0635645667118179
Yolo3D-s,fold5,DSC,9,0.0675795133501807
Yolo3D-s,fold5,DSC,10,0.0648795557659668
Yolo3D-s,fold5,DSC,11,0.0641141684456498
Yolo3D-s,fold5,DSC,12,0.0663203624900512
Yolo3D-s,fold5,DSC,13,0.0630801127488574
Yolo3D-s,fold5,DSC,14,0.0648493223793939
Yolo3D-s,fold5,DSC,15,0.066268916501494
Yolo3D-s,fold5,DSC,16,0.0684356739921
Yolo3D-s,fold5,DSC,17,0.0659932039396522
Yolo3D-s,fold5,DSC,18,0.0631580436771123
Yolo3D-s,fold5,DSC,19,0.0694117529371887
Yolo3D-s,fold5,DSC,20,0.0677111510498149
Yolo3D-s,fold5,DSC,21,0.0660885196090692
Yolo3D-s,fold5,DSC,22,0.0706499313050275
Yolo3D-s,fold5,DSC,23,0.0692018703921137
Yolo3D-s,fold5,DSC,24,0.0690674370862162
Yolo3D-s,fold5,DSC,25,0.0689784428196514
Yolo3D-s,fold5,DSC,26,0.068060231011296
Yolo3D-s,fold5,DSC,27,0.0649888735050587
Yolo3D-s,fold5,DSC,28,0.0658420184715342
Yolo3D-s,fold5,DSC,29,0.0715741935853685
Yolo3D-s,fold5,DSC,30,0.0678245374327836
Yolo2D,fold1,DSC,1,0.1315274172836807
Yolo2D,fold1,DSC,2,0.1312967196251
Yolo2D,fold1,DSC,3,0.1354015716362961
Yolo2D,fold1,DSC,4,0.1372345854134811
Yolo2D,fold1,DSC,5,0.1255289685888242
Yolo2D,fold1,DSC,6,0.1439833763046989
Yolo2D,fold1,DSC,7,0.1363004546609328
Yolo2D,fold1,DSC,8,0.10912612051051171
Yolo2D,fold1,DSC,9,0.1316602760581361
Yolo2D,fold1,DSC,10,0.1264431293760619
Yolo2D,fold1,DSC,11,0.1374675514255696
Yolo2D,fold1,DSC,12,0.1383830945592448
Yolo2D,fold1,DSC,13,0.1236776797840521
Yolo2D,fold1,DSC,14,0.1278075297436754
Yolo2D,fold1,DSC,15,0.1362531623806375
Yolo2D,fold1,DSC,16,0.1366635014688608
Yolo2D,fold1,DSC,17,0.1502411785950058
Yolo2D,fold1,DSC,18,0.1342564160104687
Yolo2D,fold1,DSC,19,0.1326980949733915
Yolo2D,fold1,DSC,20,0.1184001517592944
Yolo2D,fold1,DSC,21,0.1298079245012521
Yolo2D,fold1,DSC,22,0.1282081579789777
Yolo2D,fold1,DSC,23,0.1221841426192744
Yolo2D,fold1,DSC,24,0.131194652560425
Yolo2D,fold1,DSC,25,0.1258355730566114
Yolo2D,fold1,DSC,26,0.1344803216307601
Yolo2D,fold1,DSC,27,0.1455712162363598
Yolo2D,fold1,DSC,28,0.1315680778828254
Yolo2D,fold1,DSC,29,0.1369987730703065
Yolo2D,fold1,DSC,30,0.1243909727307806
Yolo2D,fold2,DSC,1,0.1342955407969639
Yolo2D,fold2,DSC,2,0.1489087904364141
Yolo2D,fold2,DSC,3,0.1493363340202835
Yolo2D,fold2,DSC,4,0.1493363340202835
Yolo2D,fold2,DSC,5,0.14858427841823402
Yolo2D,fold2,DSC,6,0.1445716649303442
Yolo2D,fold2,DSC,7,0.1517931188182148
Yolo2D,fold2,DSC,8,0.1480299631144776
Yolo2D,fold2,DSC,9,0.1507827750209352
Yolo2D,fold2,DSC,10,0.1469712983010496
Yolo2D,fold2,DSC,11,0.1407908019774956
Yolo2D,fold2,DSC,12,0.1399083746886604
Yolo2D,fold2,DSC,13,0.1438807578957748
Yolo2D,fold2,DSC,14,0.1450613107519083
Yolo2D,fold2,DSC,15,0.1416701231695085
Yolo2D,fold2,DSC,16,0.1383768694383929
Yolo2D,fold2,DSC,17,0.1458352170774842
Yolo2D,fold2,DSC,18,0.1495636100241046
Yolo2D,fold2,DSC,19,0.1460852896590877
Yolo2D,fold2,DSC,20,0.1471434134058246
Yolo2D,fold2,DSC,21,0.1474977900966842
Yolo2D,fold2,DSC,22,0.1424746262225026
Yolo2D,fold2,DSC,23,0.1470083150606856
Yolo2D,fold2,DSC,24,0.1442053194067231
Yolo2D,fold2,DSC,25,0.1450534639463823
Yolo2D,fold2,DSC,26,0.14414655630889
Yolo2D,fold2,DSC,27,0.1388201247593423
Yolo2D,fold2,DSC,28,0.1498515768515326
Yolo2D,fold2,DSC,29,0.1455366693313666
Yolo2D,fold2,DSC,30,0.1527600808555537
Yolo2D,fold3,DSC,1,0.1694719731087202
Yolo2D,fold3,DSC,2,0.1667363039569302
Yolo2D,fold3,DSC,3,0.1676800606317052
Yolo2D,fold3,DSC,4,0.1676800606317052
Yolo2D,fold3,DSC,5,0.1733137780935364
Yolo2D,fold3,DSC,6,0.1686500739057469
Yolo2D,fold3,DSC,7,0.1687639956712107
Yolo2D,fold3,DSC,8,0.1684865616426883
Yolo2D,fold3,DSC,9,0.1675783348709363
Yolo2D,fold3,DSC,10,0.17090798050673792
Yolo2D,fold3,DSC,11,0.1712488585403312
Yolo2D,fold3,DSC,12,0.1701118753257614
Yolo2D,fold3,DSC,13,0.16360519030165901
Yolo2D,fold3,DSC,14,0.1678077911086642
Yolo2D,fold3,DSC,15,0.167625250771788
Yolo2D,fold3,DSC,16,0.169902300211255
Yolo2D,fold3,DSC,17,0.16949959330618442
Yolo2D,fold3,DSC,18,0.1689147683086152
Yolo2D,fold3,DSC,19,0.1687301361749459
Yolo2D,fold3,DSC,20,0.1696394262332633
Yolo2D,fold3,DSC,21,0.1693159889385566
Yolo2D,fold3,DSC,22,0.16965244444280161
Yolo2D,fold3,DSC,23,0.1711542712788067
Yolo2D,fold3,DSC,24,0.1732314379142905
Yolo2D,fold3,DSC,25,0.1691953424899165
Yolo2D,fold3,DSC,26,0.167082933695296
Yolo2D,fold3,DSC,27,0.1620832060265803
Yolo2D,fold3,DSC,28,0.1676325728310542
Yolo2D,fold3,DSC,29,0.165125992748161
Yolo2D,fold3,DSC,30,0.1690255503233271
Yolo2D,fold4,DSC,1,0.0672719195735348
Yolo2D,fold4,DSC,2,0.0672719195735348
Yolo2D,fold4,DSC,3,0.0549838248936961
Yolo2D,fold4,DSC,4,0.062100343878847594
Yolo2D,fold4,DSC,5,0.0607316296347685
Yolo2D,fold4,DSC,6,0.0643827911769312
Yolo2D,fold4,DSC,7,0.064248128770849
Yolo2D,fold4,DSC,8,0.061842549299876495
Yolo2D,fold4,DSC,9,0.0616568169141343
Yolo2D,fold4,DSC,10,0.0626574108447747
Yolo2D,fold4,DSC,11,0.0608544859326556
Yolo2D,fold4,DSC,12,0.062204736196648895
Yolo2D,fold4,DSC,13,0.0608796212962947
Yolo2D,fold4,DSC,14,0.0631926222417368
Yolo2D,fold4,DSC,15,0.0616913576082472
Yolo2D,fold4,DSC,16,0.0622403947864355
Yolo2D,fold4,DSC,17,0.06286563174718181
Yolo2D,fold4,DSC,18,0.060870156107377
Yolo2D,fold4,DSC,19,0.059431558180391496
Yolo2D,fold4,DSC,20,0.0621154169142185
Yolo2D,fold4,DSC,21,0.0627461899652584
Yolo2D,fold4,DSC,22,0.0645849135999075
Yolo2D,fold4,DSC,23,0.0610414512873625
Yolo2D,fold4,DSC,24,0.062182519349001
Yolo2D,fold4,DSC,25,0.0647012533632849
Yolo2D,fold4,DSC,26,0.0612880443992513
Yolo2D,fold4,DSC,27,0.0641068128084759
Yolo2D,fold4,DSC,28,0.0611997956761622
Yolo2D,fold4,DSC,29,0.0638004858945145
Yolo2D,fold4,DSC,30,0.063432088533078
Yolo2D,fold5,DSC,1,0.1312570476053631
Yolo2D,fold5,DSC,2,0.1323563683400848
Yolo2D,fold5,DSC,3,0.12355285201861961
Yolo2D,fold5,DSC,4,0.1305846219370525
Yolo2D,fold5,DSC,5,0.13298153034300791
Yolo2D,fold5,DSC,6,0.1265830960085683
Yolo2D,fold5,DSC,7,0.1333599268846107
Yolo2D,fold5,DSC,8,0.12608080482672399
Yolo2D,fold5,DSC,9,0.1307173405398354
Yolo2D,fold5,DSC,10,0.1327955564361506
Yolo2D,fold5,DSC,11,0.1324513257424778
Yolo2D,fold5,DSC,12,0.1305866528632739
Yolo2D,fold5,DSC,13,0.1308456852183337
Yolo2D,fold5,DSC,14,0.1304083025751114
Yolo2D,fold5,DSC,15,0.1351052713477812
Yolo2D,fold5,DSC,16,0.1307786508721431
Yolo2D,fold5,DSC,17,0.1336798026474729
Yolo2D,fold5,DSC,18,0.1299319480423074
Yolo2D,fold5,DSC,19,0.1344575189380034
Yolo2D,fold5,DSC,20,0.1320937839804041
Yolo2D,fold5,DSC,21,0.1297110591740624
Yolo2D,fold5,DSC,22,0.1312907262938759
Yolo2D,fold5,DSC,23,0.1281335909018363
Yolo2D,fold5,DSC,24,0.1306211093944892
Yolo2D,fold5,DSC,25,0.130406502512358
Yolo2D,fold5,DSC,26,0.131920502565443
Yolo2D,fold5,DSC,27,0.1300962120348486
Yolo2D,fold5,DSC,28,0.1309732265147486
Yolo2D,fold5,DSC,29,0.1321759831314894
Yolo2D,fold5,DSC,30,0.1344850702888489
Yolo2D-a,fold1,DSC,1,0.1196637701561933
Yolo2D-a,fold1,DSC,2,0.1196637701561933
Yolo2D-a,fold1,DSC,3,0.1196637701561933
Yolo2D-a,fold1,DSC,4,0.1196637701561933
Yolo2D-a,fold1,DSC,5,0.11204069469922809
Yolo2D-a,fold1,DSC,6,0.11500797941121399
Yolo2D-a,fold1,DSC,7,0.11325732264259769
Yolo2D-a,fold1,DSC,8,0.1302803471328108
Yolo2D-a,fold1,DSC,9,0.1383608097789473
Yolo2D-a,fold1,DSC,10,0.12245727601813039
Yolo2D-a,fold1,DSC,11,0.12333234921025199
Yolo2D-a,fold1,DSC,12,0.1290193520324345
Yolo2D-a,fold1,DSC,13,0.11798516242065929
Yolo2D-a,fold1,DSC,14,0.11596972399287059
Yolo2D-a,fold1,DSC,15,0.11796515744641449
Yolo2D-a,fold1,DSC,16,0.1271686440948338
Yolo2D-a,fold1,DSC,17,0.1166817198588441
Yolo2D-a,fold1,DSC,18,0.1097573271662195
Yolo2D-a,fold1,DSC,19,0.10961829804875259
Yolo2D-a,fold1,DSC,20,0.09641939842661279
Yolo2D-a,fold1,DSC,21,0.1102578645458345
Yolo2D-a,fold1,DSC,22,0.10590846112590789
Yolo2D-a,fold1,DSC,23,0.1308511515961869
Yolo2D-a,fold1,DSC,24,0.1201855030594014
Yolo2D-a,fold1,DSC,25,0.1255757596651328
Yolo2D-a,fold1,DSC,26,0.11994596648709359
Yolo2D-a,fold1,DSC,27,0.1252483635221959
Yolo2D-a,fold1,DSC,28,0.1364424356487755
Yolo2D-a,fold1,DSC,29,0.12208724479480529
Yolo2D-a,fold1,DSC,30,0.135919589955583
Yolo2D-a,fold2,DSC,1,0.11196409130215669
Yolo2D-a,fold2,DSC,2,0.11196409130215669
Yolo2D-a,fold2,DSC,3,0.11196409130215669
Yolo2D-a,fold2,DSC,4,0.11196409130215669
Yolo2D-a,fold2,DSC,5,0.1157980662662944
Yolo2D-a,fold2,DSC,6,0.11247153221901489
Yolo2D-a,fold2,DSC,7,0.11243042955519389
Yolo2D-a,fold2,DSC,8,0.11325198527328069
Yolo2D-a,fold2,DSC,9,0.1128012545128335
Yolo2D-a,fold2,DSC,10,0.11247817512986989
Yolo2D-a,fold2,DSC,11,0.11329039819459899
Yolo2D-a,fold2,DSC,12,0.11264017434896399
Yolo2D-a,fold2,DSC,13,0.1121952914025309
Yolo2D-a,fold2,DSC,14,0.1131992096827861
Yolo2D-a,fold2,DSC,15,0.11212965687910549
Yolo2D-a,fold2,DSC,16,0.1123692736966368
Yolo2D-a,fold2,DSC,17,0.11351617720033999
Yolo2D-a,fold2,DSC,18,0.1126197072299401
Yolo2D-a,fold2,DSC,19,0.11316278324543269
Yolo2D-a,fold2,DSC,20,0.11193223812076379
Yolo2D-a,fold2,DSC,21,0.1129239439049576
Yolo2D-a,fold2,DSC,22,0.11298204308259799
Yolo2D-a,fold2,DSC,23,0.1115339794880537
Yolo2D-a,fold2,DSC,24,0.11190441690628239
Yolo2D-a,fold2,DSC,25,0.1127710796866868
Yolo2D-a,fold2,DSC,26,0.11207088341513609
Yolo2D-a,fold2,DSC,27,0.1129000384817242
Yolo2D-a,fold2,DSC,28,0.11275458435860919
Yolo2D-a,fold2,DSC,29,0.1131834165853067
Yolo2D-a,fold2,DSC,30,0.1128549424958618
Yolo2D-a,fold3,DSC,1,0.1469518630379874
Yolo2D-a,fold3,DSC,2,0.1469518630379874
Yolo2D-a,fold3,DSC,3,0.1469518630379874
Yolo2D-a,fold3,DSC,4,0.1469518630379874
Yolo2D-a,fold3,DSC,5,0.1442489196907336
Yolo2D-a,fold3,DSC,6,0.15631082177326572
Yolo2D-a,fold3,DSC,7,0.1509617298761739
Yolo2D-a,fold3,DSC,8,0.13884256423812802
Yolo2D-a,fold3,DSC,9,0.1427566621827862
Yolo2D-a,fold3,DSC,10,0.1496135514431496
Yolo2D-a,fold3,DSC,11,0.146163694231702
Yolo2D-a,fold3,DSC,12,0.15138234970270592
Yolo2D-a,fold3,DSC,13,0.1362182114484331
Yolo2D-a,fold3,DSC,14,0.14109601637020872
Yolo2D-a,fold3,DSC,15,0.14957061550481182
Yolo2D-a,fold3,DSC,16,0.1383719350796326
Yolo2D-a,fold3,DSC,17,0.14994872138974852
Yolo2D-a,fold3,DSC,18,0.1460955892965056
Yolo2D-a,fold3,DSC,19,0.1527247936231666
Yolo2D-a,fold3,DSC,20,0.1476420685465161
Yolo2D-a,fold3,DSC,21,0.1394042466803955
Yolo2D-a,fold3,DSC,22,0.13992305928897872
Yolo2D-a,fold3,DSC,23,0.14370879505609352
Yolo2D-a,fold3,DSC,24,0.14863619119217092
Yolo2D-a,fold3,DSC,25,0.1500909505933946
Yolo2D-a,fold3,DSC,26,0.14883490006766262
Yolo2D-a,fold3,DSC,27,0.1412302145727057
Yolo2D-a,fold3,DSC,28,0.1500430173452425
Yolo2D-a,fold3,DSC,29,0.1445472100582762
Yolo2D-a,fold3,DSC,30,0.1338511548508591
Yolo2D-a,fold4,DSC,1,0.046594672241531805
Yolo2D-a,fold4,DSC,2,0.0440596760004567
Yolo2D-a,fold4,DSC,3,0.043465082709919
Yolo2D-a,fold4,DSC,4,0.043465082709919
Yolo2D-a,fold4,DSC,5,0.043465082709919
Yolo2D-a,fold4,DSC,6,0.0397355108068735
Yolo2D-a,fold4,DSC,7,0.045002475163227
Yolo2D-a,fold4,DSC,8,0.039817665194579
Yolo2D-a,fold4,DSC,9,0.0418661635766569
Yolo2D-a,fold4,DSC,10,0.049355077383788803
Yolo2D-a,fold4,DSC,11,0.0454574028830647
Yolo2D-a,fold4,DSC,12,0.0450326787838137
Yolo2D-a,fold4,DSC,13,0.0411585261959781
Yolo2D-a,fold4,DSC,14,0.0445316672640486
Yolo2D-a,fold4,DSC,15,0.0452576006135955
Yolo2D-a,fold4,DSC,16,0.042057272870291304
Yolo2D-a,fold4,DSC,17,0.0440741046438231
Yolo2D-a,fold4,DSC,18,0.0455164165308172
Yolo2D-a,fold4,DSC,19,0.042260532822208
Yolo2D-a,fold4,DSC,20,0.0474654474397558
Yolo2D-a,fold4,DSC,21,0.0454157486520471
Yolo2D-a,fold4,DSC,22,0.0447595567679435
Yolo2D-a,fold4,DSC,23,0.0441314687796564
Yolo2D-a,fold4,DSC,24,0.0453256826067008
Yolo2D-a,fold4,DSC,25,0.044010432598088504
Yolo2D-a,fold4,DSC,26,0.042198177617188304
Yolo2D-a,fold4,DSC,27,0.0448640790022388
Yolo2D-a,fold4,DSC,28,0.0451967815949729
Yolo2D-a,fold4,DSC,29,0.0415314610217239
Yolo2D-a,fold4,DSC,30,0.0393428099201742
Yolo2D-a,fold5,DSC,1,0.09985764365521649
Yolo2D-a,fold5,DSC,2,0.11123827800871719
Yolo2D-a,fold5,DSC,3,0.10398058911085209
Yolo2D-a,fold5,DSC,4,0.0988889314763963
Yolo2D-a,fold5,DSC,5,0.0988889314763963
Yolo2D-a,fold5,DSC,6,0.0969917424108054
Yolo2D-a,fold5,DSC,7,0.1028010945401824
Yolo2D-a,fold5,DSC,8,0.1030366120092934
Yolo2D-a,fold5,DSC,9,0.099327676898798
Yolo2D-a,fold5,DSC,10,0.1013867068626208
Yolo2D-a,fold5,DSC,11,0.09676818994721549
Yolo2D-a,fold5,DSC,12,0.1018353818409532
Yolo2D-a,fold5,DSC,13,0.09617625449075459
Yolo2D-a,fold5,DSC,14,0.11160191824715049
Yolo2D-a,fold5,DSC,15,0.10340836242981599
Yolo2D-a,fold5,DSC,16,0.0939849676781987
Yolo2D-a,fold5,DSC,17,0.10432201234430999
Yolo2D-a,fold5,DSC,18,0.1026700961861454
Yolo2D-a,fold5,DSC,19,0.0985320327605229
Yolo2D-a,fold5,DSC,20,0.094071231521865
Yolo2D-a,fold5,DSC,21,0.102311415776946
Yolo2D-a,fold5,DSC,22,0.0968232189694289
Yolo2D-a,fold5,DSC,23,0.1046796334788256
Yolo2D-a,fold5,DSC,24,0.1034160153462152
Yolo2D-a,fold5,DSC,25,0.0955371454103393
Yolo2D-a,fold5,DSC,26,0.09709848372458539
Yolo2D-a,fold5,DSC,27,0.09850572468161259
Yolo2D-a,fold5,DSC,28,0.1037573073184348
Yolo2D-a,fold5,DSC,29,0.1041348499185738
Yolo2D-a,fold5,DSC,30,0.1040518615279603
Yolo2D-c,fold1,DSC,1,0.118398565075948
Yolo2D-c,fold1,DSC,2,0.12003086961722169
Yolo2D-c,fold1,DSC,3,0.1209826142687106
Yolo2D-c,fold1,DSC,4,0.12325504113894309
Yolo2D-c,fold1,DSC,5,0.1169654210748505
Yolo2D-c,fold1,DSC,6,0.1206798903457553
Yolo2D-c,fold1,DSC,7,0.1230169695929418
Yolo2D-c,fold1,DSC,8,0.12049358346552419
Yolo2D-c,fold1,DSC,9,0.12195119978943529
Yolo2D-c,fold1,DSC,10,0.12040890014849759
Yolo2D-c,fold1,DSC,11,0.12121385054203619
Yolo2D-c,fold1,DSC,12,0.1175193672175234
Yolo2D-c,fold1,DSC,13,0.11974484935803409
Yolo2D-c,fold1,DSC,14,0.11937211267971269
Yolo2D-c,fold1,DSC,15,0.12393348737256639
Yolo2D-c,fold1,DSC,16,0.12186651769076559
Yolo2D-c,fold1,DSC,17,0.1197279374006683
Yolo2D-c,fold1,DSC,18,0.12028271005853769
Yolo2D-c,fold1,DSC,19,0.1184138366473719
Yolo2D-c,fold1,DSC,20,0.1187441565411025
Yolo2D-c,fold1,DSC,21,0.12157581769372189
Yolo2D-c,fold1,DSC,22,0.11821820242186
Yolo2D-c,fold1,DSC,23,0.1176881972205449
Yolo2D-c,fold1,DSC,24,0.1207204764789382
Yolo2D-c,fold1,DSC,25,0.120137788470518
Yolo2D-c,fold1,DSC,26,0.12136483675777719
Yolo2D-c,fold1,DSC,27,0.1207184357724717
Yolo2D-c,fold1,DSC,28,0.1200804855367925
Yolo2D-c,fold1,DSC,29,0.120929167938281
Yolo2D-c,fold1,DSC,30,0.11452888727135449
Yolo2D-c,fold2,DSC,1,0.1164279097106421
Yolo2D-c,fold2,DSC,2,0.1126192696621286
Yolo2D-c,fold2,DSC,3,0.1099573817069171
Yolo2D-c,fold2,DSC,4,0.1128245480643602
Yolo2D-c,fold2,DSC,5,0.11358569791779999
Yolo2D-c,fold2,DSC,6,0.11415799850097859
Yolo2D-c,fold2,DSC,7,0.11371481188747079
Yolo2D-c,fold2,DSC,8,0.11296762618541449
Yolo2D-c,fold2,DSC,9,0.1143961893974538
Yolo2D-c,fold2,DSC,10,0.11345593004023
Yolo2D-c,fold2,DSC,11,0.1142882905759121
Yolo2D-c,fold2,DSC,12,0.1127086746806253
Yolo2D-c,fold2,DSC,13,0.11325448648017669
Yolo2D-c,fold2,DSC,14,0.11366777958936229
Yolo2D-c,fold2,DSC,15,0.11118325595688959
Yolo2D-c,fold2,DSC,16,0.11219118421223359
Yolo2D-c,fold2,DSC,17,0.1111322060452772
Yolo2D-c,fold2,DSC,18,0.11328251645714449
Yolo2D-c,fold2,DSC,19,0.11290546881514399
Yolo2D-c,fold2,DSC,20,0.11236074228236699
Yolo2D-c,fold2,DSC,21,0.1123779759358919
Yolo2D-c,fold2,DSC,22,0.11470273379666629
Yolo2D-c,fold2,DSC,23,0.1127173095106508
Yolo2D-c,fold2,DSC,24,0.11357931035574939
Yolo2D-c,fold2,DSC,25,0.11436066707527799
Yolo2D-c,fold2,DSC,26,0.11357408934749269
Yolo2D-c,fold2,DSC,27,0.11321040630056059
Yolo2D-c,fold2,DSC,28,0.1154534475036355
Yolo2D-c,fold2,DSC,29,0.1116438677510959
Yolo2D-c,fold2,DSC,30,0.11268535288970949
Yolo2D-c,fold3,DSC,1,0.15546851757248742
Yolo2D-c,fold3,DSC,2,0.1537997055531324
Yolo2D-c,fold3,DSC,3,0.1580399385215385
Yolo2D-c,fold3,DSC,4,0.1565645510842436
Yolo2D-c,fold3,DSC,5,0.15851638330345022
Yolo2D-c,fold3,DSC,6,0.1593102591174132
Yolo2D-c,fold3,DSC,7,0.1567541103872651
Yolo2D-c,fold3,DSC,8,0.168436125190674
Yolo2D-c,fold3,DSC,9,0.1512549829822164
Yolo2D-c,fold3,DSC,10,0.16053906621980552
Yolo2D-c,fold3,DSC,11,0.1676412778222418
Yolo2D-c,fold3,DSC,12,0.151972856848225
Yolo2D-c,fold3,DSC,13,0.1602146629967072
Yolo2D-c,fold3,DSC,14,0.1610056894842623
Yolo2D-c,fold3,DSC,15,0.1461823420148026
Yolo2D-c,fold3,DSC,16,0.1557194750231591
Yolo2D-c,fold3,DSC,17,0.1572535181581684
Yolo2D-c,fold3,DSC,18,0.16256476788782082
Yolo2D-c,fold3,DSC,19,0.14527541211642792
Yolo2D-c,fold3,DSC,20,0.1608847864723742
Yolo2D-c,fold3,DSC,21,0.1509309745626563
Yolo2D-c,fold3,DSC,22,0.15151678453987852
Yolo2D-c,fold3,DSC,23,0.1520714893332652
Yolo2D-c,fold3,DSC,24,0.1664229840553694
Yolo2D-c,fold3,DSC,25,0.1477354680120696
Yolo2D-c,fold3,DSC,26,0.1600682740320592
Yolo2D-c,fold3,DSC,27,0.1647130437327704
Yolo2D-c,fold3,DSC,28,0.1603978125885972
Yolo2D-c,fold3,DSC,29,0.1618961021396472
Yolo2D-c,fold3,DSC,30,0.151035358430073
Yolo2D-c,fold4,DSC,1,0.044474610135737405
Yolo2D-c,fold4,DSC,2,0.0453506663042292
Yolo2D-c,fold4,DSC,3,0.0381167837381782
Yolo2D-c,fold4,DSC,4,0.043067243240427
Yolo2D-c,fold4,DSC,5,0.0430320251300165
Yolo2D-c,fold4,DSC,6,0.046577103248179
Yolo2D-c,fold4,DSC,7,0.044820725080185905
Yolo2D-c,fold4,DSC,8,0.0411164955396203
Yolo2D-c,fold4,DSC,9,0.045463639630109604
Yolo2D-c,fold4,DSC,10,0.044645727713602
Yolo2D-c,fold4,DSC,11,0.0400088919380474
Yolo2D-c,fold4,DSC,12,0.0454352422282132
Yolo2D-c,fold4,DSC,13,0.043569259757049804
Yolo2D-c,fold4,DSC,14,0.0419029829789273
Yolo2D-c,fold4,DSC,15,0.0465034387856141
Yolo2D-c,fold4,DSC,16,0.0348962342612081
Yolo2D-c,fold4,DSC,17,0.0411449071733775
Yolo2D-c,fold4,DSC,18,0.0431989568918322
Yolo2D-c,fold4,DSC,19,0.0434419440251804
Yolo2D-c,fold4,DSC,20,0.0440611428152412
Yolo2D-c,fold4,DSC,21,0.043766028752321905
Yolo2D-c,fold4,DSC,22,0.047102372395163204
Yolo2D-c,fold4,DSC,23,0.047613705244599805
Yolo2D-c,fold4,DSC,24,0.0414692181565712
Yolo2D-c,fold4,DSC,25,0.0470356364649478
Yolo2D-c,fold4,DSC,26,0.0442328320479162
Yolo2D-c,fold4,DSC,27,0.0406081050269928
Yolo2D-c,fold4,DSC,28,0.0440758668054498
Yolo2D-c,fold4,DSC,29,0.041754773341939805
Yolo2D-c,fold4,DSC,30,0.042227986308772704
Yolo2D-c,fold5,DSC,1,0.10422445383048909
Yolo2D-c,fold5,DSC,2,0.10736861517039789
Yolo2D-c,fold5,DSC,3,0.1052541548058325
Yolo2D-c,fold5,DSC,4,0.10207591920407999
Yolo2D-c,fold5,DSC,5,0.100298609692832
Yolo2D-c,fold5,DSC,6,0.1033198789738405
Yolo2D-c,fold5,DSC,7,0.10391260516176079
Yolo2D-c,fold5,DSC,8,0.10262049732549869
Yolo2D-c,fold5,DSC,9,0.10442868972526799
Yolo2D-c,fold5,DSC,10,0.1035357413193834
Yolo2D-c,fold5,DSC,11,0.10357426386005239
Yolo2D-c,fold5,DSC,12,0.10404886290091879
Yolo2D-c,fold5,DSC,13,0.1031029376407579
Yolo2D-c,fold5,DSC,14,0.1036620376687436
Yolo2D-c,fold5,DSC,15,0.10328032142917659
Yolo2D-c,fold5,DSC,16,0.1051710324920257
Yolo2D-c,fold5,DSC,17,0.10308115463920539
Yolo2D-c,fold5,DSC,18,0.10366411793684929
Yolo2D-c,fold5,DSC,19,0.10310952718498849
Yolo2D-c,fold5,DSC,20,0.10394066534633929
Yolo2D-c,fold5,DSC,21,0.10377497005061749
Yolo2D-c,fold5,DSC,22,0.1041447484320953
Yolo2D-c,fold5,DSC,23,0.10467076668973259
Yolo2D-c,fold5,DSC,24,0.10325753601445349
Yolo2D-c,fold5,DSC,25,0.10386198530888639
Yolo2D-c,fold5,DSC,26,0.1036510298061418
Yolo2D-c,fold5,DSC,27,0.1031226178157952
Yolo2D-c,fold5,DSC,28,0.10374123735646759
Yolo2D-c,fold5,DSC,29,0.103618268161568
Yolo2D-c,fold5,DSC,30,0.1042005840076511
Yolo2D-s,fold1,DSC,1,0.11600305567716289
Yolo2D-s,fold1,DSC,2,0.12264215764246439
Yolo2D-s,fold1,DSC,3,0.1185399694612265
Yolo2D-s,fold1,DSC,4,0.1244047641248468
Yolo2D-s,fold1,DSC,5,0.12264215764246439
Yolo2D-s,fold1,DSC,6,0.1191841850284963
Yolo2D-s,fold1,DSC,7,0.11839619388383639
Yolo2D-s,fold1,DSC,8,0.1273344830704215
Yolo2D-s,fold1,DSC,9,0.1253516068342221
Yolo2D-s,fold1,DSC,10,0.1230509144959137
Yolo2D-s,fold1,DSC,11,0.10784676550930529
Yolo2D-s,fold1,DSC,12,0.1165409452709896
Yolo2D-s,fold1,DSC,13,0.1239212854938815
Yolo2D-s,fold1,DSC,14,0.1289367864520855
Yolo2D-s,fold1,DSC,15,0.12092627014607249
Yolo2D-s,fold1,DSC,16,0.1289958464549146
Yolo2D-s,fold1,DSC,17,0.1096341411589461
Yolo2D-s,fold1,DSC,18,0.12298246089413789
Yolo2D-s,fold1,DSC,19,0.1168672157981064
Yolo2D-s,fold1,DSC,20,0.1222734556289391
Yolo2D-s,fold1,DSC,21,0.110405377388672
Yolo2D-s,fold1,DSC,22,0.11456627573411149
Yolo2D-s,fold1,DSC,23,0.12243617091441969
Yolo2D-s,fold1,DSC,24,0.1276626795665995
Yolo2D-s,fold1,DSC,25,0.1152187455475992
Yolo2D-s,fold1,DSC,26,0.11763721726512029
Yolo2D-s,fold1,DSC,27,0.1150076274332081
Yolo2D-s,fold1,DSC,28,0.129582559812277
Yolo2D-s,fold1,DSC,29,0.1223348785730084
Yolo2D-s,fold1,DSC,30,0.1358471197920529
Yolo2D-s,fold2,DSC,1,0.131801418708388
Yolo2D-s,fold2,DSC,2,0.1211041996030396
Yolo2D-s,fold2,DSC,3,0.1211041996030396
Yolo2D-s,fold2,DSC,4,0.12373067733671089
Yolo2D-s,fold2,DSC,5,0.1211041996030396
Yolo2D-s,fold2,DSC,6,0.12351439775892549
Yolo2D-s,fold2,DSC,7,0.12394252029783849
Yolo2D-s,fold2,DSC,8,0.12405661634099109
Yolo2D-s,fold2,DSC,9,0.1237100006101516
Yolo2D-s,fold2,DSC,10,0.12360081467134869
Yolo2D-s,fold2,DSC,11,0.1241720627278332
Yolo2D-s,fold2,DSC,12,0.12368345591111299
Yolo2D-s,fold2,DSC,13,0.1234624213339937
Yolo2D-s,fold2,DSC,14,0.12371592432302629
Yolo2D-s,fold2,DSC,15,0.1236401284333134
Yolo2D-s,fold2,DSC,16,0.12421089678778739
Yolo2D-s,fold2,DSC,17,0.12401313108224009
Yolo2D-s,fold2,DSC,18,0.12389903405203999
Yolo2D-s,fold2,DSC,19,0.12399948402925129
Yolo2D-s,fold2,DSC,20,0.12313365812522109
Yolo2D-s,fold2,DSC,21,0.12337629800323069
Yolo2D-s,fold2,DSC,22,0.1239814919659978
Yolo2D-s,fold2,DSC,23,0.12310169630984119
Yolo2D-s,fold2,DSC,24,0.123982881383264
Yolo2D-s,fold2,DSC,25,0.12383384145621229
Yolo2D-s,fold2,DSC,26,0.1235216947211831
Yolo2D-s,fold2,DSC,27,0.12338175668456039
Yolo2D-s,fold2,DSC,28,0.1227518274059673
Yolo2D-s,fold2,DSC,29,0.12380924241255489
Yolo2D-s,fold2,DSC,30,0.12386125129909989
Yolo2D-s,fold3,DSC,1,0.15452070910916552
Yolo2D-s,fold3,DSC,2,0.1548786622255455
Yolo2D-s,fold3,DSC,3,0.1632204871690255
Yolo2D-s,fold3,DSC,4,0.1573420194255912
Yolo2D-s,fold3,DSC,5,0.1632204871690255
Yolo2D-s,fold3,DSC,6,0.15055255867426362
Yolo2D-s,fold3,DSC,7,0.1637231344360305
Yolo2D-s,fold3,DSC,8,0.1555071421819956
Yolo2D-s,fold3,DSC,9,0.1543293744130724
Yolo2D-s,fold3,DSC,10,0.16936254536256562
Yolo2D-s,fold3,DSC,11,0.1575508997293516
Yolo2D-s,fold3,DSC,12,0.169130641802201
Yolo2D-s,fold3,DSC,13,0.1646425910070389
Yolo2D-s,fold3,DSC,14,0.16071414000143872
Yolo2D-s,fold3,DSC,15,0.1549835825475066
Yolo2D-s,fold3,DSC,16,0.15614324616328332
Yolo2D-s,fold3,DSC,17,0.1692222383679596
Yolo2D-s,fold3,DSC,18,0.1594315813087645
Yolo2D-s,fold3,DSC,19,0.1399693653551535
Yolo2D-s,fold3,DSC,20,0.1614313982574042
Yolo2D-s,fold3,DSC,21,0.1581385694776942
Yolo2D-s,fold3,DSC,22,0.1697224913202795
Yolo2D-s,fold3,DSC,23,0.1550355986546403
Yolo2D-s,fold3,DSC,24,0.16759131305388972
Yolo2D-s,fold3,DSC,25,0.16916263046713212
Yolo2D-s,fold3,DSC,26,0.1528449468946798
Yolo2D-s,fold3,DSC,27,0.1626688952085688
Yolo2D-s,fold3,DSC,28,0.1559816708297645
Yolo2D-s,fold3,DSC,29,0.1616785869948992
Yolo2D-s,fold3,DSC,30,0.16521973735823542
Yolo2D-s,fold4,DSC,1,0.0418137099358846
Yolo2D-s,fold4,DSC,2,0.0468844206764574
Yolo2D-s,fold4,DSC,3,0.039120372740771
Yolo2D-s,fold4,DSC,4,0.047176221827094
Yolo2D-s,fold4,DSC,5,0.047264946284906705
Yolo2D-s,fold4,DSC,6,0.0424105593219753
Yolo2D-s,fold4,DSC,7,0.0504676272883208
Yolo2D-s,fold4,DSC,8,0.046096351450954504
Yolo2D-s,fold4,DSC,9,0.0400300423985432
Yolo2D-s,fold4,DSC,10,0.0447877075735998
Yolo2D-s,fold4,DSC,11,0.0437959594257623
Yolo2D-s,fold4,DSC,12,0.047624869818143005
Yolo2D-s,fold4,DSC,13,0.0447717523487765
Yolo2D-s,fold4,DSC,14,0.0434008856720629
Yolo2D-s,fold4,DSC,15,0.0446811608742596
Yolo2D-s,fold4,DSC,16,0.0500356130960313
Yolo2D-s,fold4,DSC,17,0.0450533245905652
Yolo2D-s,fold4,DSC,18,0.046553109975277
Yolo2D-s,fold4,DSC,19,0.045934132431140404
Yolo2D-s,fold4,DSC,20,0.0486013266226683
Yolo2D-s,fold4,DSC,21,0.04710389524213
Yolo2D-s,fold4,DSC,22,0.0463676204715106
Yolo2D-s,fold4,DSC,23,0.0433031100730179
Yolo2D-s,fold4,DSC,24,0.0482297281984846
Yolo2D-s,fold4,DSC,25,0.0466147080496863
Yolo2D-s,fold4,DSC,26,0.050011375376610205
Yolo2D-s,fold4,DSC,27,0.0463311488721169
Yolo2D-s,fold4,DSC,28,0.0440223965473115
Yolo2D-s,fold4,DSC,29,0.0401413830422251
Yolo2D-s,fold4,DSC,30,0.048481958296746
Yolo2D-s,fold5,DSC,1,0.1266881118955344
Yolo2D-s,fold5,DSC,2,0.11644676059005349
Yolo2D-s,fold5,DSC,3,0.1266429620499357
Yolo2D-s,fold5,DSC,4,0.11644676059005349
Yolo2D-s,fold5,DSC,5,0.1100100946027978
Yolo2D-s,fold5,DSC,6,0.118551398576597
Yolo2D-s,fold5,DSC,7,0.12292121100708579
Yolo2D-s,fold5,DSC,8,0.1307006058928894
Yolo2D-s,fold5,DSC,9,0.1137277894555435
Yolo2D-s,fold5,DSC,10,0.1263594054775691
Yolo2D-s,fold5,DSC,11,0.1249902099386846
Yolo2D-s,fold5,DSC,12,0.1155874437908736
Yolo2D-s,fold5,DSC,13,0.1326762112650284
Yolo2D-s,fold5,DSC,14,0.1215079966570922
Yolo2D-s,fold5,DSC,15,0.1118776494320715
Yolo2D-s,fold5,DSC,16,0.103725769784331
Yolo2D-s,fold5,DSC,17,0.12670362338234561
Yolo2D-s,fold5,DSC,18,0.1142851708116886
Yolo2D-s,fold5,DSC,19,0.11846133975315169
Yolo2D-s,fold5,DSC,20,0.1060802253810827
Yolo2D-s,fold5,DSC,21,0.1116406847780307
Yolo2D-s,fold5,DSC,22,0.1218525697579287
Yolo2D-s,fold5,DSC,23,0.11968703371078429
Yolo2D-s,fold5,DSC,24,0.1221251571217472
Yolo2D-s,fold5,DSC,25,0.1084682693406393
Yolo2D-s,fold5,DSC,26,0.1213986086033612
Yolo2D-s,fold5,DSC,27,0.1239752838001296
Yolo2D-s,fold5,DSC,28,0.13643251574595772
Yolo2D-s,fold5,DSC,29,0.10320847703629589
Yolo2D-s,fold5,DSC,30,0.12667705556724831
